{"cameraMode":{"drawMode":0,"name":"Shaded","section":"Shading Mode"},"sceneLighting":true,"audioPlay":false,"sceneViewState":{"showFog":true,"showMaterialUpdate":false,"showSkybox":true,"showFlares":true,"showImageEffects":true,"showParticleSystems":true},"in2DMode":false,"pivot":{"x":-2.0850391387939455,"y":-27.605701446533204,"z":69.07797241210938},"rotation":{"x":-0.18918907642364503,"y":0.016628937795758249,"z":-0.010660192929208279,"w":-0.9817420244216919},"size":164.6412353515625,"orthographic":false}