{"cameraMode":{"drawMode":0,"name":"Shaded","section":"Shading Mode"},"sceneLighting":true,"audioPlay":false,"sceneViewState":{"showFog":true,"showMaterialUpdate":false,"showSkybox":true,"showFlares":true,"showImageEffects":true,"showParticleSystems":true},"in2DMode":false,"pivot":{"x":3.1704816818237306,"y":4.55615234375,"z":-16.954303741455079},"rotation":{"x":-0.3286256790161133,"y":0.29935353994369509,"z":-0.11905033886432648,"w":-0.8878173828125},"size":29.609086990356447,"orthographic":false}