{"cameraMode":{"drawMode":0,"name":"Shaded","section":"Shading Mode"},"sceneLighting":false,"audioPlay":false,"sceneViewState":{"showFog":true,"showMaterialUpdate":false,"showSkybox":false,"showFlares":true,"showImageEffects":true,"showParticleSystems":true},"in2DMode":false,"pivot":{"x":-0.23982322216033936,"y":3.0390207767486574,"z":-24.35890007019043},"rotation":{"x":-0.3101709485054016,"y":0.5461178421974182,"z":-0.2385723739862442,"w":-0.7406973838806152},"size":2.957364320755005,"orthographic":false}