{"cameraMode":{"drawMode":0,"name":"Shaded","section":"Shading Mode"},"sceneLighting":false,"audioPlay":false,"sceneViewState":{"showFog":true,"showMaterialUpdate":false,"showSkybox":false,"showFlares":true,"showImageEffects":true,"showParticleSystems":true},"in2DMode":false,"pivot":{"x":-1.5122041702270508,"y":1.8522422313690186,"z":-26.129541397094728},"rotation":{"x":0.13727311789989472,"y":0.8530136942863464,"z":-0.27966564893722536,"w":0.4187014698982239},"size":3.44092059135437,"orthographic":false}