{"cameraMode":{"drawMode":0,"name":"Shaded","section":"Shading Mode"},"sceneLighting":false,"audioPlay":false,"sceneViewState":{"showFog":true,"showMaterialUpdate":false,"showSkybox":false,"showFlares":true,"showImageEffects":true,"showParticleSystems":true},"in2DMode":false,"pivot":{"x":-0.52748703956604,"y":1.6000003814697266,"z":-26.06999969482422},"rotation":{"x":0.13727311789989472,"y":0.8530136942863464,"z":-0.27966564893722536,"w":0.4187014698982239},"size":5.9728169441223148,"orthographic":false}