{"cameraMode":{"drawMode":0,"name":"Shaded","section":"Shading Mode"},"sceneLighting":true,"audioPlay":false,"sceneViewState":{"showFog":true,"showMaterialUpdate":false,"showSkybox":false,"showFlares":true,"showImageEffects":true,"showParticleSystems":true},"in2DMode":false,"pivot":{"x":0.06999969482421875,"y":0.46000003814697268,"z":0.12600040435791017},"rotation":{"x":-0.3647224009037018,"y":0.28265368938446047,"z":-0.12571938335895539,"w":-0.8782249689102173},"size":3.883026361465454,"orthographic":false}