{"cameraMode":{"drawMode":0,"name":"Shaded","section":"Shading Mode"},"sceneLighting":false,"audioPlay":false,"sceneViewState":{"showFog":true,"showMaterialUpdate":false,"showSkybox":false,"showFlares":true,"showImageEffects":true,"showParticleSystems":true},"in2DMode":false,"pivot":{"x":5.960464477539063e-8,"y":1.6000003814697266,"z":-26.06999969482422},"rotation":{"x":0.27053552865982058,"y":-0.5871829986572266,"z":0.21721084415912629,"w":0.7313317656517029},"size":5.063896656036377,"orthographic":false}