{"cameraMode":{"drawMode":0,"name":"Shaded","section":"Shading Mode"},"sceneLighting":true,"audioPlay":false,"sceneViewState":{"showFog":true,"showMaterialUpdate":false,"showSkybox":true,"showFlares":true,"showImageEffects":true,"showParticleSystems":true},"in2DMode":false,"pivot":{"x":34.84626007080078,"y":11.906617164611817,"z":-29.94637680053711},"rotation":{"x":0.011251743882894516,"y":0.42365002632141116,"z":-0.0028189094737172128,"w":-0.9057517051696777},"size":0.02731490135192871,"orthographic":false}