{"cameraMode":{"drawMode":0,"name":"Shaded","section":"Shading Mode"},"sceneLighting":true,"audioPlay":false,"sceneViewState":{"showFog":true,"showMaterialUpdate":false,"showSkybox":true,"showFlares":true,"showImageEffects":true,"showParticleSystems":true},"in2DMode":false,"pivot":{"x":1.7699999809265137,"y":3.5899999141693117,"z":-1.0099999904632569},"rotation":{"x":-0.1855284422636032,"y":0.6204304099082947,"z":-0.16454768180847169,"w":-0.7440224885940552},"size":22.0,"orthographic":false}