{"cameraMode":{"drawMode":0,"name":"Shaded","section":"Shading Mode"},"sceneLighting":true,"audioPlay":false,"sceneViewState":{"showFog":true,"showMaterialUpdate":false,"showSkybox":true,"showFlares":true,"showImageEffects":true,"showParticleSystems":true},"in2DMode":false,"pivot":{"x":-6.930567741394043,"y":1.376885175704956,"z":-11.097667694091797},"rotation":{"x":0.13851282000541688,"y":-0.17360061407089234,"z":0.03218714892864227,"w":0.9744952917098999},"size":5.7922892570495609,"orthographic":false}