{"cameraMode":{"drawMode":0,"name":"Shaded","section":"Shading Mode"},"sceneLighting":false,"audioPlay":false,"sceneViewState":{"showFog":true,"showMaterialUpdate":false,"showSkybox":false,"showFlares":true,"showImageEffects":true,"showParticleSystems":true},"in2DMode":false,"pivot":{"x":4.785782337188721,"y":10.244680404663086,"z":-30.863616943359376},"rotation":{"x":0.007859375327825547,"y":0.9988638758659363,"z":-0.011655199341475964,"w":0.045534148812294009},"size":22.0,"orthographic":false}