{"cameraMode":{"drawMode":0,"name":"Shaded","section":"Shading Mode"},"sceneLighting":false,"audioPlay":false,"sceneViewState":{"showFog":true,"showMaterialUpdate":false,"showSkybox":false,"showFlares":true,"showImageEffects":true,"showParticleSystems":true},"in2DMode":false,"pivot":{"x":7.336629867553711,"y":2.7976746559143068,"z":-3.244626760482788},"rotation":{"x":-0.0560469813644886,"y":-0.6240885853767395,"z":0.03552589565515518,"w":-0.7785307765007019},"size":4.04756498336792,"orthographic":false}